,title,artist_name
0,Mirrors,Blue Oyster Cult
1,Career Of Evil,Blue Oyster Cult
2,Subhuman,Blue Oyster Cult
3,I Adore You,Tone-Loc
4,Safer On The Outside,American Hi-Fi
5,Baby Come Home (Album Version),American Hi-Fi
6,When The Breeders Were Big,American Hi-Fi
7,Nico Norte,Lady Bug Transistor
8,Brighton Bound,Lady Bug Transistor
9,Going Up North (Icicles),Lady Bug Transistor
10,Here Comes The Rain,The Ladybug Transistor
11,Broken Links,The Ladybug Transistor
12,Terry,The Ladybug Transistor
13,I'm Not Mad Enough,The Ladybug Transistor
14,Aleida's Theme,Lady Bug Transistor
15,Cienfuegos,Lady Bug Transistor
16,My Diamond Star Car,Deerhoof
17,Adam+Eve Connection,Deerhoof
18,Look Away,Deerhoof
19,Halfmole Halfbird,Deerhoof
20,Trickybird,Deerhoof
21,Dead Beast Queen,Deerhoof
22,The Moose's Daughter,Deerhoof
23,Chandelier Searchlight,Deerhoof
24,The Tears and Music of Love,Deerhoof
25,Gore In Crown (live),Deerhoof
26,Running Thoughts,Deerhoof
27,Vegas,Sara Bareilles
28,Breaxxbaxx,Land Of Talk
29,Magnetic Hill,Land Of Talk
30,Dark Nature Places,Land Of Talk
31,Some Are Lakes,Land Of Talk
32,Lie To Me,Brook Benton
33,Take it To the Top,DeBarge
34,Looking For A Song,Big Audio Dynamite
35,Albert Einstein Meets The Human Beatbox,Big Audio Dynamite
36,E=MC2,Big Audio Dynamite
37,Stone Thames,Big Audio Dynamite
38,Sudden Impact!,Big Audio Dynamite
39,This Is Big Audio Dynamite,Big Audio Dynamite
40,Baby Come And Get It,The Pointer Sisters
41,Don't It Drive You Crazy,The Pointer Sisters
42,Moonlight Dancing,The Pointer Sisters
43,Got To Find Love,The Pointer Sisters
44,Sailor,Essie Jain
45,Talking,Essie Jain
46,Just an Illusion,Imagination
47,Flashback,Imagination
48,Beach Baby,Miracle Fortress
49,Sun Sightings,Miracle Fortress
50,Hanky Panky Nohow,Miracle Fortress
51,Silently Falling (LP Version),Chris Squire
52,Lucky Seven (LP Version),Chris Squire
53,Lettin' It Loose,Heatwave
54,Central Heating,Heatwave
55,Sho'Nuff Must Be Luv,Heatwave
56,It's A Long Way Around,Burning Spear
57,Jordan River,Burning Spear
58,I W.I.N.,Burning Spear
59,Hail H.I.M.,Burning Spear
60,Cultivation,Burning Spear
61,Land Of My Birth,Burning Spear
62,Helpless,Crosby_ Stills_ Nash and Young
63,Our House,Crosby_ Stills_ Nash and Young
64,Teach Your Children,Crosby_ Stills_ Nash & Young
65,Woodstock,Crosby_ Stills_ Nash and Young
66,Deja Vu,Crosby_ Stills_ Nash & Young
67,With You,Frankie Valli
68,Look At The World_ It's Changing,Frankie Valli
69,Rolling Down The Hills (LP Version),Carly Simon
70,Life Is Eternal,Carly Simon
71,Nobody Does It Better,Carly Simon
72,Devoted To You,Carly Simon;James Taylor
73,Is This Love (LP Version),Carly Simon
74,My One and Only Love,Carly Simon
75,Moonlight Serenade,Carly Simon
76,In The Wee Small Hours Of The Morning,Carly Simon
77,Sangre Dolce,Carly Simon
78,Here She Comes,The Tymes
79,What Would I Do,The Tymes
80,Fallin' In Love,The Seeds
81,The Other Place,The Seeds
82,Flower Lady And Her Assistant,The Seeds
83,Sad And Alone,The Seeds
84,Daisy Mae,The Seeds
85,Wherewithal,Clifford T. Ward
86,It's Better To Believe,Clifford T. Ward
87,Session Singer,Clifford T. Ward
88,Learning My Part,Clifford T. Ward
89,Love In The Song,Clifford T. Ward
90,The Gloria Bosom Show,Clifford T. Ward
91,Ocean Of Love,Clifford T. Ward
92,God Rest Ye Merry Gentlemen (Album Version),Randy Travis
93,Price To Pay (Album Version),Randy Travis
94,Shopping For Dresses (Album Version),Randy Travis
95,Let Me Try (Album Version),Randy Travis
96,Oh_ What A Time To Be Me (Album Version),Randy Travis
97,Somewhere In My Broken Heart (Album Version),Randy Travis
98,Nothin's Gonna Bring Me Down [At Christmas Time] (LP Version),Randy Travis
99,This Is Me (Album Version),Randy Travis
100,Oscar The Angel (Album Version),Randy Travis
101,Cowboy Boogie (Album Version),Randy Travis
102,Hide And Seek,Martha And The Muffins
103,Sinking Land (2002 Digital Remaster),Martha And The Muffins
104,Limit,The Pale Fountains
105,Palm Of My Hand,The Pale Fountains
106,Faithful Pillow (Part 1),The Pale Fountains
107,Absolutely Everything,Lighthouse Family
108,Keep Remembering,Lighthouse Family
109,Sweetest Operator,Lighthouse Family
110,The Way You Are,Lighthouse Family
111,Postcard From Heaven,Lighthouse Family
112,(I Wish I Knew How It Would Feel To Be) Free/One,Lighthouse Family
113,Harper Valley P.T.A.,Jeannie C. Riley
114,Sweet Cream Ladies_ Forward March,The Box Tops
115,I Must Be The Devil,The Box Tops
116,Trouble With Sam,The Box Tops
117,I'll Hold Out My Hand,The Box Tops
118,I Can Dig It,The Box Tops
119,Sandman,The Box Tops
120,Everything I Am,The Box Tops
121,Gonna Find Somebody,The Box Tops
122,She Knows How,The Box Tops
123,Just can't get enough,Wallis Bird
124,Travelling Bird,Wallis Bird
125,An Idea About Mary,Wallis Bird
126,Your Morning Dream,Wallis Bird
127,To My Bones,Wallis Bird
128,Black Nights,Lowell Fulson
129,San Francisco Blues,Lowell Fulson
130,Don't Be So Evil,Lowell Fulson
131,Fading Away (Album Version),Green On Red
132,This I Know (Album Version),Green On Red
133,Black Night (Album Version),Green On Red
134,Wrong Side Of Love,Cheap Trick
135,Decaf,Cheap Trick
136,Come On Christmas,Cheap Trick
137,ELO Kiddies,Cheap Trick
138,On Top of the World,Cheap Trick
139,Dream Police,Cheap Trick
140,Never Had a Lot to Lose,Cheap Trick
141,People Sure Act Funny,Arthur Conley
142,This Love Of Mine,Arthur Conley
143,The Waltz,Tuxedomoon
144,Dark Temple,Tuxedomoon
145,Whirring,Arms
146,Sand,Isobel Campbell / Mark Lanegan
147,Carry Home,Isobel Campbell / Mark Lanegan
148,Rockin Round The World,Country Joe & The Fish
149,Mara,Country Joe & The Fish
150,Section 43,Country Joe & The Fish
151,Porpoise Mouth,Country Joe & The Fish
152,Janis,Country Joe & The Fish
153,Mind Of A Toy,Visage
154,Poems From The Unpublished Book Of The Blues (1999 Digital Remaster) (Feat. Al Cohn & Zoot Sims),Jack Kerouac Featuring Al Cohn & Zoot Sims
155,Old Western Movies (1999 Digital Remaster) (Feat. Al Cohn & Zoot Sims),Jack Kerouac Featuring Al Cohn & Zoot Sims
156,The Electric Kool-Aid Acid Test,Eight Legs
157,It's Gonna Take A Miracle,Deniece Williams
158,I Lie Awake,Cause Co-Motion!
159,Say What You Feel,Cause Co-Motion!
160,Graveyard,Jape
161,To The Sea,Jape
162,Olympics on Pot,The Ruby Suns
163,Adventure Tour,The Ruby Suns
164,Ole Rinka,The Ruby Suns
165,It's Mwangi In Front Of Me,The Ruby Suns
166,Listen On,The Railway Children
167,Music Stop,The Railway Children
168,Too Much Monkey Business,Milli Vanilli
169,The Liquidator,Harry J Allstars
170,Jay Moon Walk,Harry J Allstars
171,According To My Heart,Jim Reeves
172,Butterfly Love,Jim Reeves
173,I Know One,Jim Reeves
174,May The Good Lord Bless And Keep You,Jim Reeves
175,Have I Told You Lately That I Love You,Jim Reeves
176,We Could,Jim Reeves
177,Bimbo,Jim Reeves
178,This World Is Not My Home,Jim Reeves
179,Need Me,Jim Reeves
180,I Care No More,Jim Reeves
181,My Happiness,Jim Reeves
182,I'd Like To Be,Jim Reeves
183,Where Do I Go To Throw A Picture Away,Jim Reeves
184,When I Lost You,Jim Reeves
185,It's Only A Paper Moon,Jim Reeves
186,Adios Amigo,Jim Reeves
187,Four Walls,Jim Reeves
188,Old Tige,Jim Reeves
189,The Farmer And The Lord,Jim Reeves
190,I'm Hurtin' Inside,Jim Reeves
191,Penny Candy,Jim Reeves
192,Is It Really Over?,Jim Reeves
193,True,Jim Reeves
194,Blue Canadian Rockies,Jim Reeves
195,Overnight,Jim Reeves
196,Don't Feel That Way No More (LP Version),England Dan & John Ford Coley
197,Dowdy Ferry Road (LP Version),England Dan & John Ford Coley
198,The Prisoner (LP Version),England Dan & John Ford Coley
199,Showboat Gambler (LP Version),England Dan & John Ford Coley
200,I'd Really Love To See You Tonight (LP Version),England Dan & John Ford Coley
201,Hold Me (LP Version),England Dan & John Ford Coley
202,Beyond The Tears (LP Version),England Dan & John Ford Coley
203,Some Things Don't Come Easy (Single Version),England Dan & John Ford Coley
204,Bullets for You,Blurt
205,Cherry Blossom Polish (Live 13.12.1980),Blurt
206,Heaven Is A Place On Earth (Heavenly Version),Belinda Carlisle
207,Summer Rain (Justin Strauss Mix),Belinda Carlisle
208,World Without You (Extended Worldwide Mix),Belinda Carlisle
209,I Plead Insanity,Belinda Carlisle
210,Windows Of The World,Belinda Carlisle
211,Deep Deep Ocean,Belinda Carlisle
212,Valentine,Belinda Carlisle
213,(We Want) The Same Thing,Belinda Carlisle
214,Vision Of You,Belinda Carlisle
215,Call It Love,Soulsister
216,You Get To Me,Soulsister
217,Locks And Keys,Soulsister
218,Keep On Feeding Me,Soulsister
219,Small Hands Of Stone,Slapp Happy
220,Let's Travel Light,Slapp Happy
221,Tuyo (Take Me),Jon Secada
222,Mental Picture,Jon Secada
223,Dreams That I Carry,Jon Secada
224,Tu Mejor Amigo,Jon Secada
225,If You Go,Jon Secada
226,Tiempo Al Tiempo,Jon Secada
227,Sentir,Jon Secada
228,Ready For Love,Jon Secada
229,Amandolo,Jon Secada
230,The Christmas Gift I Want,Jon Secada
231,Trouble In The City,J.J. Cale
232,Devil's Nurse,J.J. Cale
233,After Midnight,J.J. Cale
234,Starbound,J.J. Cale
235,Crying,J.J. Cale
236,You Got Me On So Bad,J.J. Cale
237,Travelin' Light,J.J. Cale
238,The Apartment Song,Tom Petty
239,Yer So Bad,Tom Petty
240,A Face In The Crowd,Tom Petty
241,Runnin' Down A Dream,Tom Petty
242,I Won't Back Down,Tom Petty
243,Big Weekend (Album Version),Tom Petty
244,Square One (Album Version),Tom Petty
245,Turn This Car Around (Album Version),Tom Petty
246,Only A Broken Heart (Album Version),Tom Petty
247,Wildflowers (Album Version),Tom Petty
248,Don't Fade On Me (Album Version),Tom Petty
249,House In The Woods (Album Version),Tom Petty
250,You Think You're Hot Stuff,Jean Knight
251,You City Slicker,Jean Knight
252,Mr Big Stuff,Jean Knight
253,Runnin' Around,Colbie Caillat
254,Begin Again,Colbie Caillat
255,Magic,Colbie Caillat
256,Capri,Colbie Caillat
257,Turn Your Lights Down Low,Colbie Caillat
258,Feelings Show,Colbie Caillat
259,One Fine Wire,Colbie Caillat
260,Midnight Bottle,Colbie Caillat
261,Tied Down,Colbie Caillat
262,Low Happening,Howling Bells
263,Setting Sun,Howling Bells
264,I'm Not Afraid,Howling Bells
265,Scratch The Surface,The Week That Was
266,Model Country,Belbury Poly
267,And The Cuckoo Comes to Belbury,Belbury Poly
268,Tangled Beams,Belbury Poly
269,The People,Belbury Poly
270,Down On The Street (Take 2),The Stooges
271,Loose (Take 19),The Stooges
272,T.V. Eye (Take 3),The Stooges
273,Loose (Take 16),The Stooges
274,Loose (Take 6),The Stooges
275,Loose (Take 13),The Stooges
276,Rubber Legs ,Iggy & The Stooges
277,Mexican Guy,The Stooges
278,Dancing With A Stranger,Cyndi Lauper
279,Until You Come Back To Me (That's What I'm Gonna Do),Cyndi Lauper
280,On The Sunny Side Of The Street,Cyndi Lauper
281,Into The Nightlife,Cyndi Lauper
282,Raging Storm,Cyndi Lauper
283,December Child,Cyndi Lauper
284,Broken Glass,Cyndi Lauper
285,Witness,Cyndi Lauper
286,Someone Like Me,Cyndi Lauper
287,Google Eye,The Nashville Teens
288,Poetry In Motion,Johnny Tillotson
289,I Fall to Pieces,Johnny Tillotson
290,It Keeps Right on A-Hurtin',Johnny Tillotson
291,Dreamy Eyes,Johnny Tillotson
292,Poetry in Motion,Johnny Tillotson
293,It Keeps Right On A-Hurtin',Johnny Tillotson
294,Empty Feeling,Johnny Tillotson
295,Judy Judy Judy,Johnny Tillotson
296,The Phantom Of The Opera,Sarah Brightman / Steve Harley
297,A Love Supreme,Will Downing
298,She,Will Downing
299,God Is So Amazing,Will Downing
300,Statue of a Fool,Will Downing
301,What's It Gonna Be,Will Downing
302,A Promise,Will Downing
303,Iwasadoledadstoyboy,The Style Council
304,Internationalists,The Style Council
305,One Nation Under A Groove,The Style Council
306,Meeting (Over) Up Yonder,The Style Council
307,Boy Who Cried Wolf,The Style Council
308,Headstart For Happiness,The Style Council
309,The Stand Up Comic's Instructions,The Style Council
310,Everything To Lose,The Style Council
311,Mick's Up,The Style Council
312,Strength Of Your Nature,The Style Council
313,Watch The Moon Come Down,Graham Parker & The Rumour
314,Black/White,Mr. Mister
315,Control,Mr. Mister
316,The Tube,Mr. Mister
317,Healing Waters,Mr. Mister
318,Stand And Deliver,Mr. Mister
319,Watching The World,Mr. Mister
320,Help Stamp Out Loneliness,Nancy Sinatra
321,You're Gonna Make Love To Me,Nancy Sinatra
322,Something,Nancy Sinatra
323,Parisienne Walkways,Gary Moore / Phil Lynott
324,S'Wonderful / I Get A Kick Out Of You,Matt Monro
325,Portrait Of My Love,Matt Monro
326,When You Wish Upon A Star,Matt Monro
327,A Story Of Ireland,Matt Monro
328,Michelle,Matt Monro
329,Sand In My Shoes,Dido
330,See The Sun,Dido
331,Stoned,Dido
332,This Land Is Mine,Dido
333,White Flag,Dido
334,Hunter,Dido
335,Let's Do The Things We Normally Do,Dido
336,Ashes To Ashes,Wayne Fontana / The Mindbenders
337,Autumn Song,Incognito
338,She Wears Black,Incognito
339,Everything Your Heart Desires (Bluey's Black Sunshine Remix),Incognito
340,That's The Way Of The World (Ski Oakenfull Vs Incognito Remix),Incognito
341,Come Away With Me,Incognito
342,Get Into My Groove,Incognito
343,Metropolis,Incognito
344,Don't You Worry 'Bout A Thing,Incognito
345,Expresso Madureira,Incognito
346,Roots,Incognito
347,N.O.T.,Incognito
348,People At The Top,Incognito
349,Blue (I'm Still Here With You),Incognito
350,Sing,Sniff 'n' The Tears
351,New Lines On Love,Sniff 'n' The Tears
352,Slide Away,Sniff 'n' The Tears
353,If I Knew Then,Sniff 'n' The Tears
354,Bad Mood (Roger's Nu Solution Vocal),Lonnie Gordon
355,Stay Together,Lonnie Gordon
356,Ice & Snow,Sambassadeur
357,Between the Lines,Sambassadeur
358,The Only Living Girl,Sambassadeur
359,Stationary,The Matthew Herbert Big Band
360,Tongue Gone Cold,Fun 'Da' Mental
361,Godevil,Fun 'Da' Mental
362,New World Order,Fun 'Da' Mental
363,Seize the Time,Fun 'Da' Mental
364,Sunday School,FUNDAMENTAL
365,Tagai Soul,Fun 'Da' Mental
366,Pollution,Fun 'Da' Mental
367,Spy-cat,Fun 'Da' Mental
368,Race2war,Fun 'Da' Mental
369,Chantilly Lace,The Big Bopper
370,Russian Roulette,Lords Of The New Church
371,New Church,Lords Of The New Church
372,Li'l Boys Play With Dolls,Lords Of The New Church
373,Question Of Temperature,Lords Of The New Church
374,I Could Be So Good For You,Attic Lights
375,Never Get Sick Of The Sea,Attic Lights
376,Microscopic View,Pernice Brothers
377,Cruelty to Animals,Pernice Brothers
378,Starvin'  (LP Version),The Trammps
379,Feet Don't Fail Me Now,The Trammps
380,Stop And Think,The Trammps
381,Love Is A Funky Thing (LP Version),The Trammps
382,Can We Come Together (LP Version),The Trammps
383,Our Love Was Saved By Spacemen,The Pipettes
384,Susie Q,Dale Hawkins
385,Camera (LP Version),Crosby_ Stills & Nash
386,In My Life (LP Version),Crosby_ Stills & Nash
387,Bad Boyz (LP Version),Crosby_ Stills & Nash
388,Street To Lean On  (LP Version),Crosby_ Stills & Nash
389,Long Time Gone [1968 Demo],David Crosby & Stephen Stills
390,Almost Cut My Hair [1969 Demo],David Crosby
391,You Don't Have To Cry [1968 Demo],Stephen Stills
392,Daylight Again  (LP Version),Crosby_ Stills & Nash
393,Straight Line  (LP Version),Crosby_ Stills & Nash
394,Yours And Mine  (LP Version),Crosby_ Stills & Nash
395,(Got To Keep) Open  (LP Version),Crosby_ Stills & Nash
396,Suite: Judy Blue Eyes,Crosby_ Stills & Nash
397,Friend (Touche Pas A Mon Pote),Working Week
398,Sweet Nothing,Working Week
399,Got To Get Better In A Little While,Derek & The Dominos
400,Give 'Em Hell,Witchfynde
401,Indiana Wants Me,R. Dean Taylor
402,My Lady Bug Stay Away From That Beatle,R. Dean Taylor
403,Let's Go Somewhere,R. Dean Taylor
404,Jingle_ Jangle,The Archies
405,Throw A Little Love My Way,The Archies
406,Spanish Harlem,Ben E. King
407,Sweet Rhapsody (LP Version),Ben E. King
408,Let The Water Run Down  ( LP Version),Ben E. King
409,Si Senor (LP Version),Ben E. King
410,Granada (LP Version),Ben E. King
411,Now That We Found Love,Third World
412,Try Jah Love,Third World
413,Now That We've Found Love,Third World
414,Riddim Haffe Rule,Third World
415,Mi Legal,Third World
416,Got To Get Along,Third World
417,Three In One,The Upsetters
418,Dracula,The Upsetters
419,Dub Dat,The Upsetters
420,Communist Daughter,Neutral Milk Hotel
421,Where You'll Find Me Now,Neutral Milk Hotel
422,Naomi,Neutral Milk Hotel
423,Wheel Me Out,Was (Not Was)
424,Shake Your Head,Was (Not Was)
425,Till We Ain't Strangers Anymore - Duet with Bon Jovi,LeAnn Rimes
426,What I Cannot Change,LeAnn Rimes
427,I Want You With Me,LeAnn Rimes
428,The Dead End,Ian McCulloch
429,Fear Of The Known,Ian McCulloch
430,Pots Of Gold,Ian McCulloch
431,Toad,Ian McCulloch
432,Sliding,Ian McCulloch
433,Riding On A Train,The Pasadenas
434,Its Not Goodbye,Lisa Loeb
435,Taffy,Lisa Loeb & Nine Stories
436,Stay (Acoustic) ,Lisa Loeb
437,Why The People Tape?,Lisa Loeb
438,Recording The Purple Tape,Lisa Loeb
439,Underwater Journey,Voice Of The Seven Woods
440,Valley Of The Rocks,Voice Of The Seven Woods
441,Don't Want To Know If You Are Lonely,Husker Du
442,Dead Set On Destruction,Husker Du
443,All This I've Done For You,Husker Du
444,Standing In The Rain,Husker Du
445,Morning,frYars
446,Serinity,Lisa Gerrard
447,In Exile,Lisa Gerrard
448,Space Weaver,Lisa Gerrard
449,Mirror Medusa,Lisa Gerrard
450,Samurai,Crosby & Nash
451,Half Your Angels,Crosby & Nash
452,Don't Dig Here,Crosby & Nash
453,Cowboy Of Dreams,Crosby & Nash
454,Superior Mind,Amy Studt
455,Going Out Of My Mind,Amy Studt
456,Misfit,Amy Studt
457,In My Mind A Miracle,The Zombies
458,Don't Cry for Me,The Zombies
459,I Must Move,The Zombies
460,Is This the Dream,The Zombies
461,Girl Help Me,The Zombies
462,I Know She Will,The Zombies
463,Kind of Girl,The Zombies
464,Monster,Steppenwolf
465,Draft Resister,Steppenwolf
466,From Here To There Eventually,Steppenwolf
467,Berry Rides Again,Steppenwolf
468,Let Your Light In_ Babe,Robert Forster
469,Did She Overtake You,Robert Forster
470,On A Street Corner,Robert Forster
471,The Witch,The Sonics
472,Only She Would Do,The Sonics
473,I'm A Man,The Sonics
474,Love Resurrection,Alison Moyet
475,Blue,Alison Moyet
476,Whispering Your Name,Alison Moyet
477,Another Living Day,Alison Moyet
478,Ode To Boy II,Alison Moyet
479,Love Letters,Alison Moyet
480,Solid Wood,Alison Moyet
481,This House,Alison Moyet
482,Running Scared,Nik Kershaw
483,Roses,Nik Kershaw
484,Not That Big,temposhark
485,Winter's Coming,temposhark
486,The World Does Not Revolve Around You,temposhark
487,The Impossible Dream,Carter USM
488,England,Carter USM
489,The Aftertaste Of Paradise,Carter USM
490,A Bachelor For Baden Powell,Carter USM
491,Stuff The Jubilee (1977),Carter USM
492,Gas (Man),Carter USM
493,Senile Delinquent,Carter USM
494,My Defeatist Attitude,Carter USM
495,Pull Up To The Bumper,Grace Jones
496,Paper Plan (2004 Digital Remaster),Grace Jones
497,Someone To Love (Digitally Remastered 2004),Grace Jones
498,Victor Should Have Been A Jazz Musician (2004 Digital Remaster),Grace Jones
499,What I Did For Love,Grace Jones
500,Man Around The House,Grace Jones
501,Living My Life,Grace Jones
502,All On A Summers Night,Grace Jones
503,Bullshit,Grace Jones
504,Smarty Pants,First Choice
505,The Player,First Choice
506,Hustler Bill,First Choice
507,You Took The Words Right Out Of My Mouth,First Choice
508,This Little Woman,First Choice
509,The Player (Olav Basoski Club Mix),First Choice
510,The Player (Olav Basoski Bonus Beats),First Choice
511,The Player (Olav Basoski Dub),First Choice
512,Three Is A Magic Number,Blind Melon
513,Seed To A Tree (Explicit),Blind Melon
514,Holyman,Blind Melon
515,Soup,Blind Melon
516,John Sinclair,Blind Melon
517,Pull,Blind Melon
518,Soul One,Blind Melon
519,New Life,Blind Melon
520,2 X 4,Blind Melon
521,St. Andrew's Fall,Blind Melon
522,Skinned,Blind Melon
523,Politician,Jack Bruce
524,Without A Word,Jack Bruce
525,Madhouse,Jack Bruce
526,The Boy,Jack Bruce
527,Waiting on a Word,Jack Bruce
528,Kick Start My Heart (LP Version),Alannah Myles
529,Still Got This Thing (LP Version),Alannah Myles
530,If You Want To,Alannah Myles
531,Tumbleweed (LP Version),Alannah Myles
532,Song Instead Of A Kiss (LP Version),Alannah Myles
533,Stood Before Saint Peter,The Icicle Works
534,Up Here In The North Of England,The Icicle Works
535,All The Daughters (Of Her Father's House),The Icicle Works
536,Boonoonoonoos,Boney M.
537,Winter Fairy-Tale,Boney M.
538,Oh Christmas Tree,Boney M.
539,Barbarella Fortuneteller,Boney M.
540,Felicidad,Boney M.
541,When A Child Is Born,Boney M.
542,Love For Sale,Boney M.
543,Let It All Be Music,Boney M.
544,(I Need A) Babysitter,Boney M.
545,Wild Planet,Boney M.
546,10.000 Lightyears,Boney M.
547,Sad Movies,Boney M.
548,Big Girls Don't Cry,The Weather Girls
549,Land Of The Believer,The Weather Girls
550,Dear Santa (Bring Me A Man This Christmas),The Weather Girls
551,Hurt,The Manhattans
552,I'll Never Find Another (Find Another Like You),The Manhattans
553,Don't Take Your Love,The Manhattans
554,We Never Danced To A Love Song,The Manhattans
555,Just One Moment Away,The Manhattans
556,Mistress (Remix),Red House Painters
557,San Geronimo,Red House Painters
558,Strawberry Hill,Red House Painters
559,Brown Eyes,Red House Painters
560,New Jersey,Red House Painters
561,No-One Driving,John Foxx
562,Walk Away,John Foxx
563,Glimmer,John Foxx
564,Stars On Fire,John Foxx
565,Let's Go Steady Again,Neil Sedaka
566,Rosemary Blue,Neil Sedaka
567,Run Samson Run,Neil Sedaka
568,Happy Birthday Sweet Sixteen,Neil Sedaka
569,The Hungry Years,Neil Sedaka
570,Too Many Questions,The Wave Pictures
571,My Kiss,The Wave Pictures
572,Bumble Bee,The Wave Pictures
573,Blink Drunk,The Wave Pictures
574,American Boom,The Wave Pictures
575,Cinnamon Baby,The Wave Pictures
576,Sadness On My Back,Hope Of The States
577,The Red The White The Black The Blue,Hope Of The States
578,All I Needed Was You,Southside Johnny & The Asbury Jukes
579,Halo,Deep Blue Something
580,Josey,Deep Blue Something
581,Breakfast At Tiffany's,Deep Blue Something
582,101,Albert Hammond Jr.
583,GfC,Albert Hammond Jr
584,Everyone Gets A Star,Albert Hammond Jr.
585,It's Only Love,Simply Red
586,The Air That I Breathe (Reprise),Simply Red
587,So Many People,Simply Red
588,Wave The Old World Goodbye,Simply Red
589,Back Into The Universe,Simply Red
590,Picture Book,Simply Red
591,Glory Of Old,Herman Dune
592,I Wish I Had Someone That I Loved Well,Herman Dune
593,Mama Told Me Not To Come,Lou Rawls
594,Not The Staying Kind,Lou Rawls
595,Unforgettable,Lou Rawls
596,Groovy People,Lou Rawls
597,Friendship Train,Gladys Knight & The Pips
598,Theme From 'Valley Of The Dolls',Gladys Knight & The Pips
599,Goodnight My Love,Gladys Knight & The Pips
600,You Need Love Like I Do (Don't You?),Gladys Knight & The Pips
601,Lazy,Moe Tucker
602,I'm Waiting For The Man,Moe Tucker
603,That's Bad,Moe Tucker
604,In Love With Music (LP Version),Chic
605,Happy Man  (LP Version),Chic
606,Chic Cheer (LP Version),Chic
607,(Funny) Bone  (LP Version),Chic
608,Est-Ce Que C'est Chic (LP Version),Chic
609,"Everybody Dance (12"" Mix)",Chic
610,I Loved You More (LP Version),Chic
611,Hangin' (Album Version),Chic
612,How Can I Be Sure,David Cassidy
613,I Think I Love You,David Cassidy
614,Be-Bop-A-Lula,David Cassidy
615,Get It Up For Love,David Cassidy
616,Change With the Times,Van McCoy
617,Theme From Star Trek,Van McCoy
618,Keep on Hustlin',Van McCoy
619,They Wouldn't Dare,Angel Witch
620,White Witch,Angel Witch
621,Scrape the Well,Angel Witch
622,Eternally,Looker
623,Green Mountain,Looker
624,After My Divorce,Looker
625,Gentle Moon,Sun Kil Moon
626,Last Tide,Sun Kil Moon
627,Somewhere (Version 2),Sun Kil Moon
628,Neverending Math Equation,Sun Kil Moon
629,Trucker's Atlas,Sun Kil Moon
630,Jesus Christ Was An Only Child,Sun Kil Moon
631,I'm Shooting Cupid,Voice Of The Beehive
632,Jesus,Voice Of The Beehive
633,Moon of Dust,Voice Of The Beehive
634,Playing House,Voice Of The Beehive
635,I Walk The Earth,Voice Of The Beehive
636,Pot Kettle Black,Tilly & The Wall
637,Two Glasses Of Wine,Tilly & The Wall
638,Sugar Pill,Ambulance Ltd
639,Anecdote,Ambulance Ltd
640,Messin' With The Kid (Live Version),The Blues Brothers
641,Jailhouse Rock,The Blues Brothers
642,Everybody Needs Somebody To Love,The Blues Brothers
643,Sweet Soul Dream,World Party
644,Show Me To The Top,World Party
645,Put The Message In The Box,World Party
646,Is It Too Late?,World Party
647,Ship Of Fools,World Party
648,World Party,World Party
649,Baby (Don't You Leave Me),Marvin Gaye / Kim Weston
650,I Couldn't Help Falling For You,Marvin Gaye / Kim Weston
651,Children (2002 Digital Remaster),Joe South
652,How Can This Be Real Love,Sinitta
653,Find Another Fool,The Marcels
654,Good To Me,Irma Thomas
655,Cry On,Irma Thomas
656,It's Raining,Irma Thomas
657,Cold Rain,Irma Thomas / David Torkanowski
658,Overrated,Irma Thomas / Davell Crawford
659,Long After Tonight Is All Over (1992 Digital Remaster),Irma Thomas
660,Girl Needs Boy,Irma Thomas
661,No Use Talkin',Irma Thomas
662,We All Need Love,Irma Thomas
663,I Won't Cry For You,Irma Thomas
664,All I Know Is The Way I Feel,Irma Thomas
665,You Can Think Twice,Irma Thomas
666,Old Records,Irma Thomas
667,Florida Room (Album Version),Donald Fagen
668,What I Do (Album Version),Donald Fagen
669,I.G.Y. (Album Version),Donald Fagen
670,This Love Is Not Wrong,The Field Mice
671,September's Not So Far Away,The Field Mice
672,White,The Field Mice
673,Interlude No. 2 (LP Version),Warren Zevon
674,Jeannie Needs A Shooter (LP Version),Warren Zevon
675,Frozen Notes (Previously Unissued Strings Version),Warren Zevon
676,Night Time In The Switching Yard (2007 Remastered LP Version),Warren Zevon
677,Searching For A Heart,Warren Zevon
678,Jesus Was A Cross Maker,Warren Zevon
679,Monkey Wash Donkey Rinse,Warren Zevon
680,Mutineer,Warren Zevon
681,Join Me In L.A.,Warren Zevon
682,Little Sally Tease,The Kingsmen
683,Sleeper Hold,No Age
684,Sun Spots,No Age
685,Dead Plane,No Age
686,No lip,Sid Vicious_ the Idols
687,Search and destroy,Sid Vicious_ the Idols
688,Lauren's Theme,Cutting Crew
689,Grinning Souls,Cutting Crew
690,Understudies,Cutting Crew
691,Silhouette,Cutting Crew
692,One For The Mockingbird,Cutting Crew
693,(I Just) Died In Your Arms (Extended Remix),Cutting Crew
694,Reach For The Sky,Cutting Crew
695,Everything But My Pride,Cutting Crew
696,Year In The Wilderness,Cutting Crew
697,Man in the Middle,Flash And The Pan
698,Secret Love (You're Invisible),Swing Out Sister
699,My State of Mind,Swing Out Sister
700,Filth and Dreams,Swing Out Sister
701,Non E Vero Ma Ci Credo,Swing Out Sister
702,Caipirinha,Swing Out Sister
703,Where Our Love Grows (A Cappella),Swing Out Sister
704,Rotation,Tom Verlaine
705,Souvenir From A Dream (LP Version),Tom Verlaine
706,True Story,Tom Verlaine
707,Today,Jefferson Starship
708,Miracles,Jefferson Starship
709,Things To Come,Jefferson Starship
710,Girl With The Hungry Eyes,Jefferson Starship
711,Stairway To Cleveland,Jefferson Starship
712,Shining In The Moonlight,Jefferson Starship
713,Lightning Rose,Jefferson Starship
714,Sweeter Than Honey,Jefferson Starship
715,Tumblin,Jefferson Starship
716,Sandalphon,Jefferson Starship
717,The Windows of Heaven,Jefferson Starship
718,Let it live,Jefferson Starship
719,Millennium Beyond,Jefferson Starship
720,I Can't Live A Dream,The Osmonds
721,Having a Party,The Osmonds
722,You're Messing Up A Good Thing,Bobby Womack
723,Point Of No Return,Bobby Womack
724,Everyone's Gone To The Moon,Bobby Womack
725,I Wanna Make Love To You,Bobby Womack
726,If You Think You're Lonely Now,Bobby Womack
727,So Many Sides Of You,Bobby Womack
728,Lay Your Lovin' On Me,Bobby Womack
729,Secrets,Bobby Womack
730,Games,Bobby Womack
731,Never Meant To Hurt You (Album Version) (Explicit),Good Shoes
732,Everything You Do,Good Shoes
733,Then She Walks Away,Good Shoes
734,In The City,Good Shoes
735,Wait,Good Shoes
736,Morden,Good Shoes
737,Under Control,Good Shoes
738,You've Got What It Takes,Jimmy Ruffin
739,I Want Her Love,Jimmy Ruffin
740,Beauty Is Only Skin Deep,Jimmy Ruffin
741,I Just Keep It Inside,Pete Molinari
742,Love Lies Bleeding,Pete Molinari
743,A Lonesome Episode,Pete Molinari
744,Evening Mass,Willard Grant Conspiracy
745,Water & Roses,Willard Grant Conspiracy
746,Phoebe,Willard Grant Conspiracy
747,Lost Hours,Willard Grant Conspiracy
748,Solar Musick Suite (2006 Digital Remaster),Steve Hillage
749,Shimmer (2006 Digital Remaster),Steve Hillage
750,Radio,Steve Hillage
751,Searching For The Spark (2006 Digital Remaster),Steve Hillage
752,Everybody Wants To Call You Sweetheart,The 5th Dimension
753,Two Beautiful Souls In A Crazy World,Plantlife
754,Table 4 2,Plantlife
755,If I Wuz Ur Man,Plantlife
756,Real Folks,Plantlife
757,Why'd U Call Me (3am),Plantlife
758,Help Yourself,Sparkadia
759,Our Own Way,Sparkadia
760,Nightmare,Diamond Head
761,Lost At Sea,Diamond Head
762,Vladivostok,Luke Doucet
763,Help them See the Light,The Whispers
764,More of the Night,The Whispers
765,Needle In A Haystack,The Whispers
766,Creation of Love,The Whispers
767,We Need You,The Whispers
768,Walk With Me,The Whispers
769,La Femme A Barbe,Emily Loizeau
770,I'm Facing A World Of Anger,Emily Loizeau
771,Woman In A Bar,Lloyd Cole
772,A Gift,Lloyd Cole
773,Perfect Blue,Lloyd Cole
774,Forest Fire,Lloyd Cole
775,Fall Together,Lloyd Cole
776,past imperfect,Lloyd Cole
777,Four Wheel Drive,Bachman-Turner Overdrive
778,My Special Prayer (Gospel Version),Percy Sledge
779,Sweet Soul Music,Percy Sledge
780,Sweet soul music,Percy Sledge
781,Sudden Stop,Percy Sledge
782,High Cost Of Leaving (LP Version),Percy Sledge
783,Baby Help Me,Percy Sledge
784,You Really Got A Hold On Me,Percy Sledge
785,You're All Around Me,Percy Sledge
786,Got To Get Away,The Gap Band
787,Kissing Song,Dawn Landes
788,I Don't Need No Man,Dawn Landes
789,Goodnight Lover,Dawn Landes
790,Forest (French Version),Bran Van 3000
791,Gimme Sheldon,Bran Van 3000
792,Couch Surfer,Bran Van 3000
793,Oblonging,Bran Van 3000
794,Problems,Bran Van 3000
795,Sade (Bonus Track),Bran Van 3000
796,Gall Me - I'll Be Around (Medley),Bran Van 3000
797,Tom Tom Theme,Tom Tom Club
798,This Is A Foxy World,Tom Tom Club
799,Never Took A Penny,Tom Tom Club
800,Paths That Cross,Patti Smith
801,Summer Cannibals,Patti Smith
802,About A Boy,Patti Smith
803,Wicked Messenger,Patti Smith
804,Fireflies,Patti Smith
805,Libbie's Song,Patti Smith
806,Gloria,Patti Smith
807,Dream Of Life,Patti Smith
808,Blue Poles,Patti Smith
809,Last Call,Patti Smith
810,Waiting Underground,Patti Smith
811,Don't Say Nothing,Patti Smith
812,Trampin',Patti Smith
813,Cash,Patti Smith
814,But It's Alright (LP Version),Huey Lewis And The News
815,We're Not Here For A Long Time (We're Here For A Good Time) (LP Version),Huey Lewis And The News
816,Do You Believe In Love,Huey Lewis And The News
817,I Want A New Drug,Huey Lewis & The News
818,Bad Is Bad,Huey Lewis & The News
819,Pigeonhold,Port O'Brien
820,Don't Take My Advice,Port O'Brien
821,A Branch of You and Me,Port O'Brien
822,Simple Way,Port O'Brien
823,While You Sleep,The Mutton Birds
824,Nature,The Mutton Birds
825,White Valiant,The Mutton Birds
826,Amigone (LP Version),Goo Goo Dolls
827,Extra Pale (LP Version),Goo Goo Dolls
828,Artie,Goo Goo Dolls
829,String Of Lies (LP Version),The Goo Goo Dolls
830,So Far Away (LP Version),The Goo Goo Dolls
831,(Let It) Come Down Heavy,Thee Hypnotics
832,The Ghost Of Mayfield Lodge,Brand X
833,Earth Dance,Brand X
834,Soho,Brand X
835,Smacks Of Euphoric Hysteria,Brand X
836,Claire P.,Richard Pinhas
837,Stronger (cut 1),Alton Ellis
838,Mr Skabina,Alton Ellis
839,All My Tears Come Rolling,Alton Ellis
840,Mouth A Massy,Alton Ellis
841,I'm Just a Guy,Alton Ellis
842,Because of you,Screamin' Jay Hawkins
843,Heart Attack and Vine,Screamin' Jay Hawkins
844,Is You Is Or Is You Ain't My Baby,Screamin' Jay Hawkins
845,Voodoo Priestess,Screamin' Jay Hawkins
846,Guess Who,Screamin' Jay Hawkins
847,Africa Gone Funky,Screaming Jay Hawkins
848,I Put a Spell on You,Screamin' Jay Hawkins
849,Portrait of a Man,Screamin' Jay Hawkins
850,Live Love Or Die,Screaming Jay Hawkins
851,All Night,Screamin' Jay Hawkins
852,Fourteen Wives,Screamin' Jay Hawkins
853,Going_ Going_ Gone (Live),Stars
854,Fairytale Of New York,Stars
855,Death To Death,Stars
856,Look Up,Stars
857,The Woods,Stars
858,Romantic Comedy,Stars
859,Today Will Be Better_ I Swear!,Stars
860,Death to Death,Stars
861,The Comeback,Stars
862,On The Floor,THE FATBACK BAND
863,FEEL THE FIRE,THE FATBACK BAND
864,Cosmic Woman,THE FATBACK BAND
865,The Joint (You And Me),THE FATBACK BAND
866,December 1963,THE FATBACK BAND
867,Button Up Your Overcoat,The Bonzo Dog Band
868,Trouser Freak,The Bonzo Dog Band
869,I'm Gonna Bring A Watermelon To My Girl Tonight (2007 Digital Remaster),The Bonzo Dog Band
870,You Done My Brain In (2007 Digital Remaster),The Bonzo Dog Band
871,Look At Me I'm Wonderful (2007 Digital Remaster),The Bonzo Dog Band
872,Quiet Talks And Summer Walks (2007 Digital Remaster),The Bonzo Dog Band
873,What Do You Do? (2007 Digital Remaster),The Bonzo Dog Band
874,Mr Slaters Parrot (2007 Digital Remaster),The Bonzo Dog Band
875,Slush (2007 Digital Remaster),The Bonzo Dog Band
876,Rawlinson End (2007 Digital Remaster),The Bonzo Dog Band
877,The Strain,The Bonzo Dog Band
878,Love Is A Drug,Lutricia Mcneal
879,All That Matters,Lutricia Mcneal
880,"Poof"" You're Gone!",Lutricia Mcneal
881,Praise The Low,Ultra Vivid Scene
882,She Screamed,Ultra Vivid Scene
883,Kind Of A Drag,Ultra Vivid Scene
884,You Didnt Say Please,Ultra Vivid Scene
885,This Isnt Real,Ultra Vivid Scene
886,Blood Line,Ultra Vivid Scene
887,A Kiss And A Slap,Ultra Vivid Scene
888,How Did It Feel,Ultra Vivid Scene
889,Same Time Next Week,Phil Manzanera
890,Criollo (2000 Digital Remaster),Phil Manzanera
891,This Is Christmas,Luther Vandross
892,I Won't Let You Do That To Me,Luther Vandross
893,See Me,Luther Vandross
894,She's A Super Lady,Luther Vandross
895,Wait For Love,Luther Vandross
896,I'd Rather,Luther Vandross
897,I Can't Wait No Longer (Let's Do This),"Luther Vandross featuring Deidre ""Spin"" Roper of Salt-n-Pepa"
898,Pearly Gates,Prefab Sprout
899,When Love Breaks Down,Prefab Sprout
900,The King Of Rock 'N' Roll,Prefab Sprout
901,Appetite,Prefab Sprout
902,The Venus Of The Soup Kitchen,Prefab Sprout
903,Nancy (Let Your Hair Down For Me),Prefab Sprout
904,Cars And Girls,Prefab Sprout
905,Jesse James Symphony,Prefab Sprout
906,Hey Manhattan!,Prefab Sprout
907,Don't Sing,Prefab Sprout
908,Life's A Miracle,Prefab Sprout
909,Streets Of Laredo/Not Long For This World,Prefab Sprout
910,O Come_ O Come_ Emmanuel,Christopher Cross
911,Talking In My Sleep (Album Version),Christopher Cross
912,Minstrel Gigolo (Album Version),Christopher Cross
913,The Light Is On (Album Version),Christopher Cross
914,Up The Down Escalator,The Chameleons
915,Tomorrow Never Knows,The Chameleons UK
916,Singing Rule Britannia,The Chameleons
917,Talkin' Out The Side Of Your Neck,Cameo
918,She's Strange,Cameo
919,A Goodbye,Cameo
920,Money (Album Version),Cameo
921,Another Love (Album Version),Cameo
922,Attack Me With Your Love,Cameo
923,Insane,Cameo
924,Word Up (live),Cameo
925,Ugly Ego,Cameo
926,Give Love A Chance,Cameo
927,Word Up,Cameo
928,Fool Yourself (2006 Remastered LP Version),Little Feat
929,Skinhead Moonstomp,Symarip
930,Try Me Best,Symarip
931,Fung Shu,Symarip
932,Angel (My Life Began With You),Simon Webbe
933,No Worries,Simon Webbe
934,Unjustified,Simon Webbe
935,All I Want,Simon Webbe
936,In A Country Churchyard,Chris De Burgh
937,Brother John,Chris De Burgh
938,Just Another Poor Boy,Chris De Burgh
939,It's Me (And I'm Ready To Go),Chris De Burgh
940,Oh My Brave Hearts,Chris De Burgh
941,Writing On The Wall,Hazel O'Connor
942,Blackman,Hazel O'Connor
943,Driftwood,Hazel O'Connor
944,I'll See You Again,Hazel O'Connor
945,Who Will Care?,Hazel O'Connor
946,End Of My Days,Hazel O'Connor
947,Fear Of Flying,Hazel O'Connor
948,Ee-i-addio,Hazel O'Connor
949,Aciiid! (Album Version),Jem
950,Falling for You,Jem
951,I Admire You (2007 Digital Remaster),Howard Devoto
952,Cold Imagination (2007 Digital Remaster),Howard Devoto
953,The Vibe (LP Version),Lamont Dozier
954,Feeling Each Other Out (LP Version),Lamont Dozier
955,Make It Right,George McCrae
956,Every Single Day,Dodgy
957,One Day,Dodgy
958,Ain't No Longer Asking,Dodgy
959,As My Time Goes By,Dodgy
960,Grand Old English Oak Tree,Dodgy
961,Water Under The Bridge,Dodgy
962,Words Of Wisdom,The Farm
963,Family Of Man,The Farm
964,Don't Turn Around,Albert Hammond
965,It Never Rains In Southern California,Albert Hammond
966,Pistol,Trisha Yearwood
967,Georgia Rain,Trisha Yearwood
968,Some Days,Trisha Yearwood
969,Like We Never Had A Broken Heart,Trisha Yearwood
970,O Mexico,Trisha Yearwood
971,That Ain't The Way I Heard It,Trisha Yearwood
972,Love Wouldn't Lie To Me,Trisha Yearwood
973,Get Yours,Grandmaster Flash
974,All Rapped Up,Grandmaster Flash
975,Testimony,Grant Lee Buffalo
976,Everybody Needs A Little Sanctuary,Grant Lee Buffalo
977,Side By Side,Grant Lee Buffalo
978,Demon Called Deception,Grant Lee Buffalo
979,Two Shades Of Hope,Foy Vance
980,Pull Me Through,Foy Vance
981,So Many Reasons,James & Bobby Purify
982,You Can't Keep A Good Man Down,James & Bobby Purify
983,Shake A Tail Feather,James & Bobby Purify
984,Fight Against The Hours,Lene Marlin
985,From This Day,Lene Marlin
986,All I Can Say,Lene Marlin
987,The Way We Are,Lene Marlin
988,Playing My Game (Acoustic Version),Lene Marlin
989,The Bed,St. Vincent
990,Laughing With A Mouth Of Blood,St. Vincent
991,Paris Is Burning,St. Vincent
992,Almost,Lucie Silvas
993,Granny_ Will Your Dog Bite?,Seals and Crofts
994,Love Conquers All,Seals and Crofts
995,Castles In The Sand (Album Version),Seals and Crofts
996,Try Your Love,Seals and Crofts
997,Generation Devoid Of Inspiration,Kinesis
998,...And They Obey,Kinesis
999,You Are Being Lied To,Kinesis
1000,Ayisha Abyss,Serena-Maneesh
1001,Magdalena (Symphony #8),Serena-Maneesh
1002,Camera On A Pole,Ali Love
1003,Diminishing Returns,Ali Love
1004,Bad Boy Boogie,Mark Kozelek
1005,Little Sisters Of Beijing,These Are Powers
1006,Into Eternity,Jens Lekman
1007,It Was a Strange Time in My Life,Jens Lekman
1008,And I Remember Every Kiss,Jens Lekman
1009,Sky Phenomenon,Jens Lekman
1010,F-Word,Jens Lekman
1011,You Are The Light,Jens Lekman
1012,Crumpled Up Guy,Misty's Big Adventure
1013,I Can't Bring The Time Back,Misty's Big Adventure
1014,Singsong,Misty's Big Adventure
1015,Misty's Big Adventure,Misty's Big Adventure
1016,Fighting for my Life,Misty's Big Adventure
1017,There's A Lot Going On In My Mind,Misty's Big Adventure
1018,Dark Matter No 1,Misty's Big Adventure
1019,Dark Matter No 2,Misty's Big Adventure
1020,St. Louis Blues,Jackie Wilson
1021,As Long As I Live,Jackie Wilson
1022,I'm Gonna Move To The Outskirts Of Town,Jackie Wilson
1023,'Cause I Said So,The Godfathers
1024,Come Share The Wine,Al Martino
1025,I Love You Because,Al Martino
1026,Heaven Must Be Missing An Angel,Tavares
1027,Bad Times (Theme From Defiance),Tavares
1028,I'm Back For More (2004 Digital Remaster),Tavares
1029,Black Betty,Ram Jam
1030,Let It All Out,Ram Jam
1031,Wanna Find Love,Ram Jam
1032,Twenty-Nine Ways (To My Baby's Door),Koko Taylor
1033,I Love A Lover Like You,Koko Taylor
1034,If It Takes All Night,Barkays
1035,Read Between The Lines,Barkays
1036,Too Hot to Stop,Larry D
1037,Shake Your Rump To The Funk,The Bar-Kays
1038,Let's Have Some Fun,The Bar-Kays
1039,Son Of Shaft,The Bar-Kays
1040,Sang And Dance,The Bar-Kays
1041,Let It Ride,Bachman-Turner Overdrive
1042,Don't Get Yourself In Trouble,Bachman-Turner Overdrive
1043,Gimme Your Money Please,Bachman-Turner Overdrive
1044,Not Fragile,Bachman-Turner Overdrive
1045,Sledgehammer,Bachman-Turner Overdrive
1046,Give It Time,Bachman-Turner Overdrive
1047,Wishful Thinking (LP Version),Patrice Rushen
1048,Message In The Music (LP Version),Patrice Rushen
1049,Call On Me (LP Version),Patrice Rushen
1050,Givin' It Up Is Givin' Up (LP Version),Patrice Rushen
1051,I Need Your Love (LP Version),Patrice Rushen
1052,Remind Me (LP Version),Patrice Rushen
1053,Mrs. Blackhouse,The Sensational Alex Harvey Band
1054,Dance To The Music,The Sensational Alex Harvey Band
1055,Jack,The Monochrome Set
1056,Kissy Kissy,The Monochrome Set
1057,All Over,The Monochrome Set
1058,House of God (Live),The Monochrome Set
1059,He's Frank,The Monochrome Set
1060,The Strange Boutique,The Monochrome Set
1061,Plan B,Jeff Beck
1062,Play With Me,Jeff Beck
1063,Rice Pudding,The Jeff Beck Group
1064,Space Boogie,Jeff Beck
1065,American Money,New Fast Automatic Daffodils
1066,What Kind Of Hell Is This?,New Fast Automatic Daffodils
1067,Funky Fire,The Aggrolites
1068,Ever Want To Try,The Aggrolites
1069,By Her Side,The Aggrolites
1070,Hip To It,The Aggrolites
1071,Grave Digger (Album Version),The Aggrolites
1072,A.G.G.R.O. (Album Version),The Aggrolites
1073,(clip),Fire Engines
1074,Plastic Gift,Fire Engines
1075,Sympathetic Anaesthetic,Fire Engines
1076,Get Up and Use Me (Version),Fire Engines
1077,Meat Whiplash,Fire Engines
1078,Angel In My Pocket (LP Version),Change
1079,Let's Go Together (LP Version),Change
1080,Hard Times (It's Gonna Be Alright) (LP Version),Change
1081,This Is Your Time (LP Version),Change
1082,All My Love (LP Version),KC & The Sunshine Band
1083,I Betcha Didn't Know That (LP Version),KC & The Sunshine Band
1084,That's The Way (I Like It),KC & The Sunshine Band
1085,Don't Run,KC & The Sunshine Band
1086,On The Top,KC & The Sunshine Band
1087,Funky '75,KC & The Sunshine Band
1088,I've Got The Feeling,KC And The Sunshine Band
1089,I Will Love You Tomorrow,KC And The Sunshine Band
1090,Wide Sargasso Trio,Sargasso Trio
1091,Pressurize,Sargasso Trio
1092,You Make Me Sweat,Sargasso Trio
1093,High On Rebellion,Patti Smith Group
1094,Blue Millionaire,Marianne Faithfull
1095,Dear God Please Help Me,Marianne Faithfull
1096,In My Time Of Sorrow,Marianne Faithfull
1097,Corrine Corrina,Marianne Faithfull
1098,Summer Nights,Marianne Faithfull
1099,Some Gave All,Billy Ray Cyrus
1100,Achy Breaky Heart,Billy Ray Cyrus
1101,One Last Thrill,Billy Ray Cyrus
1102,Power In The Darkness,THE TOM ROBINSON BAND
1103,Bully For You,THE TOM ROBINSON BAND
1104,Days Of Rage,THE TOM ROBINSON BAND
1105,Clickity Clak,Alela Diane
1106,The Pirate's Gospel,Alela Diane
1107,Something's Gone Awry,Alela Diane
1108,Tatted Lace (Album Version),Alela Diane
1109,Take us Back (Album Version),Alela Diane
1110,Diamonds And Gold,Langhorne Slim_ The War Eagles
1111,Kaleidoscope World,The Chills
1112,Rolling Moon,The Chills
1113,House With A Hundred Rooms,The Chills
1114,Flame Thrower,The Chills
1115,Sleeping Giants,The Chills
1116,Soft Bomb III,The Chills
1117,Effloresce And Deliquesce,The Chills
1118,Mad Racket,Krokus
1119,Rock N Roll Tonight,Krokus
1120,Shoot Down The Night,Krokus
1121,Hoodoo Woman,Krokus
1122,Rock'n Roll Handshake,Krokus
1123,To Rock Or Not To Be,Krokus
1124,Shotgun Boogie,Krokus
1125,Electric Man,Krokus
1126,Out Of Control,Krokus
1127,Lowdown,Boz Scaggs
1128,Breakdown Dead Ahead,Boz Scaggs
1129,Look What You've Done To Me,Boz Scaggs
1130,My Love (Song for a Butterfly),Andreas Johnson
1131,The Pretty Ones,Andreas Johnson
1132,Deadly Happy,Andreas Johnson
1133,Patiently,Andreas Johnson
1134,Please (do me right),Andreas Johnson
1135,Unbreakable,Andreas Johnson
1136,Still My World,Andreas Johnson
1137,Nobody Told Me (Such A Fool),Andreas Johnson
1138,Sing For Me,Andreas Johnson
1139,Waterloo,Andreas Johnson
1140,Can't Take My Eyes Off You,Andreas Johnson
1141,Sign Your Name,Andreas Johnson
1142,Medicine Wheel,Aimee Mann
1143,Thirty One Today,Aimee Mann
1144,How Am I Different,Aimee Mann
1145,You're With Stupid Now,Aimee Mann
1146,4th of July,Aimee Mann
1147,Wise Up,Aimee Mann
1148,It's Not (Live from the BBC),Aimee Mann
1149,Video,Aimee Mann
1150,Goodbye Caroline,Aimee Mann
1151,That's How I Knew This Story Would Break My Heart,Aimee Mann
1152,Could've Been Anyone,Aimee Mann
1153,Be My Baby,Anita Ward
1154,I Won't Stop Loving You,Anita Ward
1155,Babylon Sisters,Steely Dan
1156,My Old School,Steely Dan
1157,Josie,Steely Dan
1158,Only A Fool Would Say That,Steely Dan
1159,Green Book (Album Version),Steely Dan
1160,Things I Miss The Most,Steely Dan
1161,Cousin Dupree,Steely Dan
1162,Jack Of Speed (Album Version),Steely Dan
1163,With You I Stand,Betty Everett
1164,Down In The Country,Betty Everett
1165,(It's A) Big World,Joe Jackson
1166,Mad At You,Joe Jackson
1167,Amateur Hour,Joe Jackson
1168,Watch The Sunrise,Big Star
1169,Slut,Big Star
1170,I Am The Cosmos,Big Star
1171,Kanga Roo,Big Star
1172,Life Is White,Big Star
1173,Holocaust,Big Star
1174,Don't Lie To Me (Studio Rehearsal),Big Star
1175,Mod Lang (Studio Rehearsal),Big Star
1176,With Love,Thin Lizzy
1177,Genocide,Thin Lizzy
1178,Whiskey In The Jar,Thin Lizzy
1179,Hollywood (Down On Your Luck),Thin Lizzy
1180,Cold Sweat,Thin Lizzy
1181,Emerald,Thin Lizzy
1182,Bad Habits,Thin Lizzy
1183,The Holy War,Thin Lizzy
1184,Look What The Wind Blew In,Thin Lizzy
1185,Little Girl In Bloom,Thin Lizzy
1186,Take It Easy,Horace Andy
1187,Thank You Lord,Horace Andy
1188,Must Haffi Get It,Horace Andy
1189,Living In The Flood,Horace Andy
1190,Empress Lady,Horace Andy
1191,I'm Here Again,Thelma Houston
1192,It's Just Me Feeling Good,Thelma Houston
1193,Flying Scotsman,Spear Of Destiny
1194,The Man Who Tunes The Drums,Spear Of Destiny
1195,All My Love (Ask Nothing),Spear Of Destiny
1196,Up All Night,Spear Of Destiny
1197,Cole Younger,Spear Of Destiny
1198,Come Back,Spear Of Destiny
1199,Cold Press Rail,Chris Bathgate
1200,Coda,Chris Bathgate
1201,Railway Hotel,Mike Batt
1202,Into The Sunshine,El Perro Del Mar
1203,Somebody's Baby,El Perro Del Mar
1204,It Is Something (Album Version),El Perro Del Mar
1205,Closer To The Stars,Soul Asylum
1206,Cartoon,Soul Asylum
1207,See You Later,Soul Asylum
1208,Growing Into You,Soul Asylum
1209,All Is Well,Soul Asylum
1210,Lately,Soul Asylum
1211,Never Gonna Be The Same,Danny Wilson
1212,Nothing Ever Goes To Plan,Danny Wilson
1213,From A Boy To A Man,Danny Wilson
1214,It's Time,Boyzone
1215,Shooting Star,Boyzone
1216,Picture Of You,Boyzone
1217,Father And Son,Boyzone
1218,Should Be Missing You Now,Boyzone
1219,Caroline Goodbye,Colin Blunstone
1220,Misty Roses,Colin Blunstone
1221,Rolling Stone,Suzi Quatro
1222,Shakin' All Over,Suzi Quatro
1223,Move It,Suzi Quatro
1224,I May Be Too Young,Suzi Quatro
1225,Wake Up Little Susie,Suzi Quatro
1226,Empty Rooms,Suzi Quatro
1227,Make Love To Me,Suzi Quatro
1228,They Always Knew,Jeffrey & Jack Lewis
1229,Anxiety Attack,Jeffrey & Jack Lewis
1230,Wave of Mutilation,Kristin Hersh
1231,Sundrops,Kristin Hersh
1232,A Loon,Kristin Hersh
1233,Velvet Days,Kristin Hersh
1234,Costa Rica,Kristin Hersh
1235,Snake Oil,Kristin Hersh
1236,Sinkhole,Kristin Hersh
1237,Gentle Hum,Finn Brothers
1238,You Be The Dam_ I'll Be The Water,38 Special
1239,Last Thing I Ever Do,38 Special
1240,Tear It Up,38 Special
1241,Jimmy Gillum,38 Special
1242,Bone Against Steel,38 Special
1243,Wild-Eyed Southern Boys,38 Special
1244,Twentieth Century Fox,38 Special
1245,Caught Up In You,38 Special
1246,Back Where You Belong,38 Special
1247,Upstairs By A Chinese Lamp,Laura Nyro
1248,Timer,Laura Nyro
1249,The Confession,Laura Nyro
1250,I Met Him On A Sunday,Laura Nyro;LaBelle
1251,And When I Die,Laura Nyro
1252,New York Tendaberry,Laura Nyro
1253,Wedding Bell Blues,Laura Nyro
1254,Bloodline,Monkey Swallows The Universe
1255,Matterhoney,Monkey Swallows The Universe
1256,1-2-3,Len Barry
1257,Islands In The Stream,Dolly Parton & Kenny Rogers
1258,Heartbeat,Tippa Irie
1259,"Wouldnit ""swing",Yoko Ono
1260,Everyman Everywoman (Basement Jaxx Classic II Mix),Yoko Ono
1261,Everyman Everywoman (Murk Space Mix),Yoko Ono
1262,Hell In Paradise (Peter Rauhofer Reconstruction Mix),Yoko Ono
1263,You're Driving Me Insane,Ike Turner
1264,Two Of A Kind,Beverley Craven
1265,Holding On,Beverley Craven
1266,Castle In The Clouds,Beverley Craven
1267,Your Girl_ My Man,Beverley Craven
1268,Fun_ Fun_ Fun,Beverley Craven
1269,Stripped,Jesus Jones
1270,Real Real Real,Jesus Jones
1271,Who? Where? Why? (The Crisis 12' Mix),Jesus Jones
1272,Real Real Real  (Rhythm 1) ('Raw' Mix),Jesus Jones
1273,All The Answers,Jesus Jones
1274,Chemical #1,Jesus Jones
1275,The Devil You Know,Jesus Jones
1276,The Right Decision (Moody Reconstruction Mix),Jesus Jones
1277,The Right Decision,Jesus Jones
1278,Don't Believe It,Jesus Jones
1279,Under The Spell,The Doobie Brothers
1280,I Can Read Your Mind,The Doobie Brothers
1281,Here To Love You,The Doobie Brothers
1282,Don't Stop To Watch The Wheels,The Doobie Brothers
1283,Open Your Eyes (LP Version),The Doobie Brothers
1284,No Stoppin' Us Now (LP Version),The Doobie Brothers
1285,Eyes Of Silver,The Doobie Brothers
1286,Wild Ride,The Doobie Brothers
1287,Excited,The Doobie Brothers
1288,China Grove,The Doobie Brothers
1289,Slow Burn,The Doobie Brothers
1290,Takin' It to the Streets,The Doobie Brothers
1291,The Captain And Me (LP Version),The Doobie Brothers
1292,Spirit (LP Version),The Doobie Brothers
1293,This Romance Will Be Different For Me (Album Version),Jonathan Richman
1294,As My Mother Lay Lying (Album Version),Jonathan Richman
1295,The Lonely Little Thrift Store (Album Version),Jonathan Richman
1296,If She Don't Love Me (Album Version),Jonathan Richman
1297,I'm So Confused (Album Version),Jonathan Richman
1298,In My Child Mind You Were A Lion,David Karsten Daniels
1299,Everytime A Baby Is Born,David Karsten Daniels
1300,Sharp Teeth I,David Karsten Daniels
1301,Paradise (Will Shine Like The Moon),The Mission
1302,Mama Weer All Crazee Now,The Mission
1303,Child's Play,The Mission
1304,In silhouette,The Mission
1305,Blood Brother,The Mission
1306,Severina,The Mission
1307,Garden Of Delight,The Mission
1308,Sexpot,Jr. Walker & The All Stars
1309,Hot Cha,Jr. Walker & The All Stars
1310,Pucker Up Buttercup,Jr. Walker & The All Stars
1311,The Way Of The Explosive,Finley Quaye
1312,Maverick A Strike,Finley Quaye
1313,Red Rolled And Seen,Finley Quaye
1314,Ride On And Turn The People On,Finley Quaye
1315,Ultra Stimulation,Finley Quaye
1316,Love Hit Me,Maxine Nightingale
1317,Fake Bjork Song,Liam Lynch
1318,Fake Talking Heads Song,Liam Lynch
1319,I'm All Bloody Inside,Liam Lynch
1320,Still Wasted From The Party Last Night,Liam Lynch
1321,Sugar Walkin',Liam Lynch
1322,Hitch Hiking Woman,Peter Green Splinter Group
1323,Black Magic Woman,Peter Green
1324,Rattlesnake Shake,Peter Green
1325,Shift (Alternate Version),Grizzly Bear
1326,Two Weeks (Fred Falke Extended Mix),Grizzly Bear
1327,Fine For Now,Grizzly Bear
1328,While You Wait For The Others,Grizzly Bear
1329,On a Neck_ On a Spit,Grizzly Bear
1330,Plans,Grizzly Bear
1331,Mambo sinuendo,Ry Cooder & Manuel Galban
1332,Maria la O,Ry Cooder & Manuel Galban
1333,Caballo viejo,Ry Cooder & Manuel Galban
1334,Let Your Love Come Down,Steve Winwood
1335,Lord Of The Street,Steve Winwood
1336,Valerie,Steve Winwood
1337,Eine Kleine Middle Klasse Musik,The Rutles
1338,Questionnaire,The Rutles
1339,The Knicker Elastic King,The Rutles
1340,It's Looking Good,The Rutles
1341,Cheese And Onions,The Rutles
1342,Send A Moses,Barrington Levy
1343,21 Girl Salute,Barrington Levy
1344,Stay In My Lonely Arms,The Elgins
1345,Darling Baby,The Elgins
1346,I Understand My Man,The Elgins
1347,Thank You Love,The Elgins
1348,Season's Greetings from The Elgins,The Elgins
1349,Dancing In Berlin (Astralasia Mix),Berlin
1350,Pray For Love,Love & Money
1351,Walk The Last Mile,Love & Money
1352,Razorsedge,Love & Money
1353,Halleluiah Man,Love & Money
1354,Tonight I Met An Angel,THE CHIFFONS
1355,Nobody Knows What's Going On (In My Mind But Me),THE CHIFFONS
1356,I Have A Boyfriend,THE CHIFFONS
1357,Remember Me Baby,THE CHIFFONS
1358,I Wonder Why,THE CHIFFONS
1359,He's So Fine (2000 Digital Remaster),THE CHIFFONS
1360,Walk Among Us,Gigolo Aunts
1361,Bloom,Gigolo Aunts
1362,Silver Pistol,Brinsley Schwarz
1363,Home In My Hand,Brinsley Schwarz
1364,Stoned Out of My Mind,The Chi-Lites
1365,Have You Seen Her,The Chi-Lites
1366,You Don't Own Me,Lesley Gore
1367,My Town My Guy And Me,Lesley Gore
1368,Summer And Sandy,Lesley Gore
1369,Look Of Love,Lesley Gore
1370,I Don't Wanna Be A Loser,Lesley Gore
1371,You're Coming Home,The Jeff Healey Band
1372,House That Love Built,The Jeff Healey Band
1373,Something To Hold On To,The Jeff Healey Band
1374,I Can't Get My Hands On You,The Jeff Healey Band
1375,Full Circle,The Jeff Healey Band
1376,That's What They Say,The Jeff Healey Band
1377,Nice Problem To Have,The Jeff Healey Band
1378,Badge,The Jeff Healey Band
1379,I Hear You Now,Jon & Vangelis
1380,State Of Independence,Jon & Vangelis
1381,The Friends Of Mr. Cairo,Jon & Vangelis
1382,Amazon Stroll,Jackson Conti
1383,Mamaoism,Jackson Conti
1384,Nao Tem Nada Nao,Jackson Conti
1385,Xibaba,Jackson Conti
1386,Sunset at Sujinho,Jackson Conti
1387,Casa Forte,Jackson Conti
1388,Crazy About Your Love,Teddy Pendergrass
1389,Joy (LP Version),Teddy Pendergrass
1390,Through The Falling Rain (Love Story)  (LP Version),Teddy Pendergrass
1391,Life Is A Song Worth Singing,Teddy Pendergrass
1392,Live Interview,Teddy Pendergrass
1393,Turn Off The Lights,Teddy Pendergrass
1394,You And Me For Right Now,Teddy Pendergrass
1395,Be Sure,Teddy Pendergrass
1396,Truly Blessed (LP Version),Teddy Pendergrass
1397,It's Over (LP Version),Teddy Pendergrass
1398,Shaggy Raggied,Jona Lewie
1399,Louise,Jona Lewie
1400,God Bless Whoever Made You,Jona Lewie
1401,The Primal Rhythms of the Bolivian nose flautist,MJ Hibbett & the Validators
1402,The Fair Play Trophy (Again),MJ Hibbett & the Validators
1403,My Time In Exile (2006 Remastered LP Version),Third Eye Blind
1404,Slow Motion (2006 Remastered LP Version),Third Eye Blind
1405,Faster [Explicit Version],Third Eye Blind
1406,Good Man,Third Eye Blind
1407,Thanks A Lot (LP Version),Third Eye Blind
1408,London (LP Version),Third Eye Blind
1409,Narclolepsy (LP Version),Third Eye Blind
1410,What A Feeling,Irene Cara
1411,Temptation,John Waite
1412,How Did I Get By Without You,John Waite
1413,I Guess You're Right (Album Version),The Posies
1414,Sweet Widow,Spin Doctors
1415,Stepped On A Crack,Spin Doctors
1416,Yo Mamas A Pajama,Spin Doctors
1417,Someday All This Will Be Road,Spin Doctors
1418,You've Got To Believe In Something,Spin Doctors
1419,I've Hardly Been,Stephen Malkmus
1420,Loud Cloud Crowd,Stephen Malkmus
1421,It Kills,Stephen Malkmus
1422,Trojan Curfew,Stephen Malkmus
1423,Circle Of One,Oleta Adams
1424,Get Here,Oleta Adams
1425,New York State Of Mind,Oleta Adams
1426,I Just Had To Hear Your Voice,Oleta Adams
1427,When Love Comes To The Rescue,Oleta Adams
1428,We Will Meet Again,Oleta Adams
1429,Love Begins At Home,Oleta Adams
1430,Righteous Night,Des'ree
1431,Love Beautiful,Des'ree
1432,Little Child,Des'ree
1433,God Only Knows,Des'ree
1434,Desperate Fools,Eric Carmen
1435,Hey Deanie,Eric Carmen
1436,Make Me Lose Control,Eric Carmen
1437,Lost In The Shuffle,Eric Carmen
1438,"Sons Of The Stage (7"" Version)",World Of Twist
1439,Lose My Way (Extended Version),World Of Twist
1440,Life And Death,World Of Twist
1441,A Raga Called Pat,John Fahey
1442,Eels,John Fahey
1443,Dance Of The Inhabitants Of The Invisible City Of Bladensburg,John Fahey
1444,Dance Of The Inhabitants Of The Palace Of King Philip Of Spain,John Fahey
1445,Tulip (Aka When You Wore A Tulip And I Wore A Big Red Rose),John Fahey
1446,Sligo River Blues,John Fahey
1447,John Henry,John Fahey
1448,The Singing Bridge Of Memphis_ Tennessee (2006 Digital remaster),John Fahey
1449,Pardon Me,Del Shannon
1450,Do You Want to Dance,Del Shannon
1451,For Your Mind,Robbie Nevil
1452,Still On Fire,Aztec Camera
1453,Backdoor To Heaven,Aztec Camera
1454,The Gentle Kind,Aztec Camera
1455,Get Outta London,Aztec Camera
1456,Stray,Aztec Camera
1457,Somewhere In My Heart,Aztec Camera
1458,Green Tambourine,The Lemon Pipers
1459,Prez Lagarto,El Guincho
1460,Costa Paraiso,El Guincho
1461,Build Your Love On A Strong Foundation,Martha & The Vandellas
1462,Time Changes Things,Martha & The Vandellas
1463,Full Speed Ahead,Martha & The Vandellas
1464,For Once In My Life,Martha & The Vandellas
1465,Let Me Fall In Love With You,Martha & The Vandellas
1466,Candy Man,Martha & The Vandellas
1467,There's Love In This World,Martha & The Vandellas
1468,Coney Island,Martha & The Vandellas
1469,I Can't Understand It,Martha & The Vandellas
1470,Tears On My Pillow,Martha & The Vandellas
1471,There He Is (At My Door),Martha & The Vandellas
1472,Shot Through The Heart,Jennifer Warnes
1473,The Hunter,Jennifer Warnes
1474,Don't Be Afraid Of The Dark,The Robert Cray Band
1475,I Wonder,The Robert Cray Band
1476,I Can't Fail,The Robert Cray Band
1477,Superhuman,Velvet Revolver
1478,Loving The Alien,Velvet Revolver
1479,Fall To Pieces,Velvet Revolver
1480,Big Machine,Velvet Revolver
1481,Slither,Velvet Revolver
1482,Get Out The Door,Velvet Revolver
1483,The Last Fight,Velvet Revolver
1484,She Mine,Velvet Revolver
1485,She Builds Quick Machines,Velvet Revolver
1486,Dirty Little Thing,Velvet Revolver
1487,We Are Not Impartial,The Chap
1488,Uss Wuss,The Chap
1489,Caustion Me,The Chap
1490,The Horse,The Chap
1491,Nevertheless_ The Chap,The Chap
1492,Obviously,The Chap
1493,Maroccan Nights,The Chap
1494,Flowers,New Radicals
1495,I Don't Wanna Die Anymore,New Radicals
1496,Jehovah Made This Whole Joint For You,New Radicals
1497,Maybe You've Been Brainwashed Too,New Radicals
1498,Espinita,Celia Cruz
1499,Usted Abuso,Celia Cruz
1500,Que Le Den Candela,Celia Cruz
1501,Tinseltown In The Rain,The Blue Nile
1502,A Walk Across The Rooftops,The Blue Nile
1503,Let's Go Out Tonight,The Blue Nile
1504,Soul Boy,The Blue Nile
1505,Body And Soul (Album Version),The Blue Nile
1506,You Can Love Yourself,Keb' Mo'
1507,More Than One Way Home,Keb' Mo'
1508,Tell Everybody I Know,Keb' Mo'
1509,Closer,Keb' Mo'
1510,Prosperity Blues,Keb' Mo'
1511,People Got to Be Free,Keb' Mo'
1512,I'm Telling You Now,Keb' Mo'
1513,God Trying To Get Your Attention,Keb' Mo'
1514,Soon As I Get Paid,Keb' Mo'
1515,I See Love,Keb' Mo'
1516,Eileen,Keb' Mo'
1517,The Door,Keb' Mo'
1518,Come On Back,Keb' Mo'
1519,Let Your Love Go,Bread
1520,Could I,Bread
1521,Belonging (LP Version),Bread
1522,The Chosen One (LP Version),Bread
1523,Happy Heart,Freda Payne
1524,Love On Borrowed Time,Freda Payne
1525,Bring The Boys Home,Freda Payne
1526,Uptight (Everything's Alright),Stevie Wonder
1527,Groovy Situation,Gene Chandler
1528,The Big Lie,Gene Chandler
1529,Baby That's Love,Gene Chandler
1530,Man's Temptation,Gene Chandler
1531,Hallelujah,Inner City
1532,Good Life (Buena Vida) (Tommy Onyx's Barcelona Mix),Inner City
1533,Do You Love What You Feel (Duane Bradley Album Mix),Inner City
1534,Praise,Inner City
1535,Let's Go Trippin',Dick Dale
1536,Catamount,Dick Dale
1537,The Greatest Show On Earth,Sonny & Cher
1538,A Cowboy's Work Is Never Done,Sonny & Cher
1539,Ooo Baby Baby,The Miracles
1540,You're So Fine And Sweet,The Miracles
1541,Going To A Go-Go,The Miracles
1542,Ramble On,Train
1543,She's On Fire,Train
1544,Mississippi,Train
1545,Whipping Boy,Train
1546,Get Out,Train
1547,My Private Nation,Train
1548,Counting Airplanes,Train
1549,Breakfast In Bed,Train
1550,If It's Love,Train
1551,Rat,Train
1552,Idaho,Train
1553,Do The Dirt (Album Version),The Meters
1554,People Get Ready - Original,The Meters
1555,Stretch Your Rubber Band - Original,The Meters
1556,Running Fast,The Meters
1557,People Say (Single Version),The Meters
1558,Dry Spell,The Meters
1559,Love The One You're With (Previously Unreleased),The Meters
1560,Easy (Trip) (Album Version),The Meters
1561,Keep On Marching (Album Version),The Meters
1562,Big Chief (Previously Unreleased),The Meters
1563,All I Do Everyday,The Meters
1564,A Mother's Love Arthur Neville,The Meters
1565,Medley: Rockin' Pneumonia/Something You Got/I Know You/Everybody Loves A Lover,The Meters
1566,Jambalaya (On The Bayou),The Meters
1567,Hang 'Em High (Longer Unissued Version),The Meters
1568,He Bite Me,The Meters
1569,Thinking,The Meters
1570,9 'til 5,The Meters
1571,Yeah Your're Right,The Meters
1572,Oh_ Calcutta!,The Meters
1573,Stop That Train,The Meters
1574,My Name Up In Lights,The Meters
1575,Give It What You Can,The Meters
1576,We Got The Kind Of A Love,The Meters
1577,No More Okey Doke,The Meters
1578,Africa (LP Version),The Meters
1579,Just Kissed My Baby (Album Version),The Meters
1580,What 'cha Say,The Meters
1581,It Ain't No Use,The Meters
1582,Love Is For Me,The Meters
1583,Hand Clapping Song,The Meters
1584,Cardova (LP Version),The Meters
1585,Liver Splash,The Meters
1586,All These Things (LP Version),The Meters
1587,Mister Moon (LP Version),The Meters
1588,Christmas Hymn,Amy Grant
1589,Tennessee Christmas,Amy Grant
1590,He Gave Me A New Song,Amy Grant
1591,Wait For The Healing (Live),Amy Grant
1592,Arms Of Love (2010 Version),Amy Grant
1593,Jehovah,Amy Grant
1594,All We Need Is Understanding,Chairmen Of The Board
1595,Saginaw County Line,Chairmen Of The Board
1596,It Was Almost Something,Chairmen Of The Board
1597,I'm On My Way To A Better Place,Chairmen Of The Board
1598,Children Of Today,Chairmen Of The Board
1599,Lunar One,Seventeen Evergreen
1600,Sufferbus,Seventeen Evergreen
1601,Music Is The Wine,Seventeen Evergreen
1602,Lazarus Man (Live),Terry Callier
1603,Look At Me Now,Terry Callier
1604,You Don't Care,Terry Callier
1605,I Been Doin' Alright (Part II) (Everything's Gonna Be Alright) (LP Version),Terry Callier
1606,Holdin' On (To Your Love) (LP Version),Terry Callier
1607,The Hood I Left Behind,Terry Callier
1608,Night Owl Service,Terry Callier
1609,Shorty Didn't Know (Instrumental),Terry Callier
1610,John Lee Hooker,Terry Callier
1611,Can't Catch The Trane,Terry Callier
1612,Holdin' On,Terry Callier
1613,Occasional Rain,Terry Callier
1614,Truth In Tears 2,Terry Callier
1615,Imagine A Nation,Terry Callier
1616,Coyote Moon,Terry Callier
1617,Lazarus Man,Terry Callier
1618,Sierra Leone (Block 16),Terry Callier
1619,Pyramids Of Love (LP Version),Terry Callier
1620,Dreams Of The Everyday Housewife,Glen Campbell
1621,Everytime I Sing A Love Song,Glen Campbell
1622,San Francisco Is A Lonely Town,Glen Campbell
1623,Hard To Be Soft,PAULA COLE
1624,Until I Met You,PAULA COLE
1625,Mississippi  (Album Version),PAULA COLE
1626,Let's Wade In The Water,Marlena Shaw
